{"rankerNames":["MUK","---","---","---","---","---","---","---","---","---"],"goalTimes":[45.4597282409668,0.0,0.0,0.0,0.0,0.0,0.0,0.0,0.0,0.0],"arrayLengthNum":1,"sectionTime1st":[15.340730667114258,11.861770629882813,18.257226943969728,0.0],"sectionTime2nd":[0.0,0.0,0.0,0.0],"sectionTime3rd":[0.0,0.0,0.0,0.0]}