{"rankerNames":["MUK","AAA","---","---","---","---","---","---","---","---"],"goalTimes":[45.4597282409668,73.41424560546875,0.0,0.0,0.0,0.0,0.0,0.0,0.0,0.0],"arrayLengthNum":2,"sectionTime1st":[15.340730667114258,11.861770629882813,18.257226943969728,0.0],"sectionTime2nd":[27.917892456054689,11.84061050415039,33.65574264526367,0.0],"sectionTime3rd":[0.0,0.0,0.0,0.0]}