{"rankerNames":["BCD","CDE","ABC","DFG","---","---","---","---","---","---"],"goalTimes":[0.0,47.61709213256836,49.20962142944336,50.27895736694336,0.0,0.0,0.0,0.0,0.0,0.0],"arrayLengthNum":4}