{"rankerNames":["HIJ","JJL","FFF","TTT","PTX","GGG","EEE","HLU","AZZ","FFF"],"goalTimes":[10.0,215.19198608398438,260.01727294921877,274.4747009277344,288.9490051269531,324.80322265625,348.8717041015625,366.79876708984377,368.5860595703125,398.7595520019531],"arrayLengthNum":10}