{"rankerNames":["HIJ","FFF","GGG","---","---","---","---","---","---","---"],"goalTimes":[10.0,398.7595520019531,423.4031066894531,0.0,0.0,0.0,0.0,0.0,0.0,0.0],"arrayLengthNum":3}